data,hora,umidade_%
01/01/2000,00:00:01,95.00
01/01/2000,00:00:02,94.00
01/01/2000,00:00:03,94.00
01/01/2000,00:00:04,93.00
01/01/2000,00:00:05,92.00
01/01/2000,00:00:06,92.00
01/01/2000,00:00:07,91.00
01/01/2000,00:00:08,91.00
01/01/2000,00:00:09,90.00
01/01/2000,00:00:10,90.00
01/01/2000,00:00:11,89.00
01/01/2000,00:00:12,89.00
01/01/2000,00:00:13,88.00
01/01/2000,00:00:14,88.00
01/01/2000,00:00:15,88.00
01/01/2000,00:00:16,87.00
01/01/2000,00:00:17,87.00
01/01/2000,00:00:18,87.00
01/01/2000,00:00:19,87.00
01/01/2000,00:00:20,86.00
01/01/2000,00:00:21,86.00
01/01/2000,00:00:22,86.00
01/01/2000,00:00:23,86.00
01/01/2000,00:00:24,86.00
01/01/2000,00:00:25,85.00
01/01/2000,00:00:26,85.00
01/01/2000,00:00:27,85.00
01/01/2000,00:00:28,85.00
01/01/2000,00:00:29,85.00
01/01/2000,00:00:30,85.00
01/01/2000,00:00:31,85.00
01/01/2000,00:00:32,85.00
01/01/2000,00:00:33,84.00
01/01/2000,00:00:34,84.00
01/01/2000,00:00:35,84.00
01/01/2000,00:00:36,84.00
01/01/2000,00:00:37,84.00
01/01/2000,00:00:38,84.00
01/01/2000,00:00:39,84.00
01/01/2000,00:00:40,84.00
01/01/2000,00:00:41,84.00
01/01/2000,00:00:42,84.00
01/01/2000,00:00:43,84.00
01/01/2000,00:00:44,83.00
01/01/2000,00:00:45,83.00
01/01/2000,00:00:46,83.00
01/01/2000,00:00:47,83.00
01/01/2000,00:00:48,83.00
01/01/2000,00:00:49,83.00
01/01/2000,00:00:50,83.00
01/01/2000,00:00:51,83.00
01/01/2000,00:00:52,83.00
01/01/2000,00:00:53,83.00
01/01/2000,00:00:54,83.00
01/01/2000,00:00:55,83.00
01/01/2000,00:00:56,83.00
01/01/2000,00:00:57,83.00
01/01/2000,00:00:58,83.00
01/01/2000,00:00:59,83.00
01/01/2000,00:01:00,83.00
01/01/2000,00:01:01,83.00
01/01/2000,00:01:02,83.00
01/01/2000,00:01:03,83.00
01/01/2000,00:01:04,82.00
01/01/2000,00:01:05,82.00
01/01/2000,00:01:06,82.00
01/01/2000,00:01:07,82.00
01/01/2000,00:01:08,82.00
01/01/2000,00:01:09,82.00
01/01/2000,00:01:10,82.00
01/01/2000,00:01:11,82.00
01/01/2000,00:01:12,82.00
01/01/2000,00:01:13,82.00
01/01/2000,00:01:14,82.00
01/01/2000,00:01:15,82.00
01/01/2000,00:01:16,82.00
01/01/2000,00:01:17,82.00
01/01/2000,00:01:18,82.00
01/01/2000,00:01:19,82.00
01/01/2000,00:01:20,82.00
01/01/2000,00:01:21,82.00
01/01/2000,00:01:22,81.00
01/01/2000,00:01:23,82.00
01/01/2000,00:01:24,81.00
01/01/2000,00:01:25,81.00
01/01/2000,00:01:26,81.00
01/01/2000,00:01:27,81.00
01/01/2000,00:01:28,81.00
01/01/2000,00:01:29,81.00
01/01/2000,00:01:30,81.00
01/01/2000,00:01:31,81.00
01/01/2000,00:01:32,81.00
01/01/2000,00:01:33,81.00
01/01/2000,00:01:34,81.00
01/01/2000,00:01:35,81.00
01/01/2000,00:01:36,81.00
01/01/2000,00:01:37,81.00
01/01/2000,00:01:38,81.00
01/01/2000,00:01:39,81.00
01/01/2000,00:01:40,81.00
01/01/2000,00:01:41,81.00
01/01/2000,00:01:42,81.00
01/01/2000,00:01:43,81.00
01/01/2000,00:01:44,81.00
01/01/2000,00:01:45,81.00
01/01/2000,00:01:46,81.00
01/01/2000,00:01:47,81.00
01/01/2000,00:01:48,81.00
01/01/2000,00:01:49,81.00
01/01/2000,00:01:50,81.00
01/01/2000,00:01:51,81.00
01/01/2000,00:01:52,81.00
01/01/2000,00:01:53,81.00
01/01/2000,00:01:54,81.00
01/01/2000,00:01:55,81.00
01/01/2000,00:01:56,80.00
01/01/2000,00:01:57,80.00
01/01/2000,00:01:58,80.00
01/01/2000,00:01:59,80.00
01/01/2000,00:02:00,80.00
01/01/2000,00:02:01,80.00
01/01/2000,00:02:02,80.00
01/01/2000,00:02:03,80.00
01/01/2000,00:02:04,80.00
01/01/2000,00:02:05,80.00
01/01/2000,00:02:06,80.00
01/01/2000,00:02:07,80.00
01/01/2000,00:02:08,80.00
01/01/2000,00:02:09,80.00
01/01/2000,00:02:10,80.00
01/01/2000,00:02:11,80.00
01/01/2000,00:02:12,80.00
01/01/2000,00:02:13,80.00
01/01/2000,00:02:14,80.00
01/01/2000,00:02:15,80.00
01/01/2000,00:02:16,80.00
01/01/2000,00:02:17,80.00
01/01/2000,00:02:18,80.00
01/01/2000,00:02:19,80.00
01/01/2000,00:02:20,80.00
01/01/2000,00:02:21,80.00
01/01/2000,00:02:22,80.00
01/01/2000,00:02:23,80.00
01/01/2000,00:02:24,80.00
01/01/2000,00:02:25,80.00
01/01/2000,00:02:26,80.00
01/01/2000,00:02:27,80.00
01/01/2000,00:02:28,80.00
01/01/2000,00:02:29,80.00
01/01/2000,00:02:30,80.00
01/01/2000,00:02:31,80.00
01/01/2000,00:02:32,80.00
01/01/2000,00:02:33,80.00
01/01/2000,00:02:34,80.00
01/01/2000,00:02:35,80.00
01/01/2000,00:02:36,80.00
01/01/2000,00:02:37,80.00
01/01/2000,00:02:38,80.00
01/01/2000,00:02:39,80.00
01/01/2000,00:02:40,80.00
01/01/2000,00:02:41,80.00
01/01/2000,00:02:42,80.00
01/01/2000,00:02:43,80.00
01/01/2000,00:02:44,80.00
01/01/2000,00:02:45,80.00
01/01/2000,00:02:46,80.00
01/01/2000,00:02:47,80.00
01/01/2000,00:02:48,80.00
01/01/2000,00:02:49,80.00
01/01/2000,00:02:50,80.00
01/01/2000,00:02:52,80.00
01/01/2000,00:02:53,80.00
01/01/2000,00:02:54,80.00
01/01/2000,00:02:55,80.00
01/01/2000,00:02:56,80.00
01/01/2000,00:02:57,80.00
01/01/2000,00:02:58,79.00
01/01/2000,00:02:59,79.00
01/01/2000,00:03:00,79.00
01/01/2000,00:03:01,80.00
01/01/2000,00:03:02,79.00
01/01/2000,00:03:03,79.00
01/01/2000,00:03:04,79.00
01/01/2000,00:03:05,79.00
01/01/2000,00:03:06,79.00
01/01/2000,00:03:07,79.00
01/01/2000,00:03:08,79.00
01/01/2000,00:03:09,79.00
01/01/2000,00:03:10,79.00
01/01/2000,00:03:11,79.00
01/01/2000,00:03:12,79.00
01/01/2000,00:03:13,79.00
01/01/2000,00:03:14,79.00
01/01/2000,00:03:15,79.00
01/01/2000,00:03:16,79.00
01/01/2000,00:03:17,79.00
01/01/2000,00:03:18,79.00
01/01/2000,00:03:19,79.00
01/01/2000,00:03:20,79.00
01/01/2000,00:03:21,79.00
01/01/2000,00:03:22,79.00
01/01/2000,00:03:23,79.00
01/01/2000,00:03:24,79.00
01/01/2000,00:03:25,79.00
01/01/2000,00:03:26,79.00
01/01/2000,00:03:27,79.00
01/01/2000,00:03:28,79.00
01/01/2000,00:03:29,79.00
01/01/2000,00:03:30,79.00
01/01/2000,00:03:31,79.00
01/01/2000,00:03:32,79.00
01/01/2000,00:03:33,79.00
01/01/2000,00:03:34,79.00
01/01/2000,00:03:35,79.00
01/01/2000,00:03:36,79.00
01/01/2000,00:03:37,79.00
01/01/2000,00:03:38,79.00
01/01/2000,00:03:39,79.00
01/01/2000,00:03:40,79.00
01/01/2000,00:03:41,79.00
01/01/2000,00:03:42,79.00
01/01/2000,00:03:43,79.00
01/01/2000,00:03:44,79.00
01/01/2000,00:03:45,79.00
01/01/2000,00:03:46,79.00
01/01/2000,00:03:47,79.00
01/01/2000,00:03:48,79.00
01/01/2000,00:03:49,79.00
01/01/2000,00:03:50,79.00
01/01/2000,00:03:51,79.00
01/01/2000,00:03:52,79.00
01/01/2000,00:03:53,79.00
01/01/2000,00:03:54,79.00
01/01/2000,00:03:55,79.00
01/01/2000,00:03:56,79.00
01/01/2000,00:03:57,79.00
01/01/2000,00:03:58,79.00
01/01/2000,00:03:59,79.00
01/01/2000,00:04:00,79.00
01/01/2000,00:04:01,79.00
01/01/2000,00:04:02,79.00
01/01/2000,00:04:03,79.00
01/01/2000,00:04:04,79.00
01/01/2000,00:04:05,79.00
01/01/2000,00:04:06,79.00
01/01/2000,00:04:07,79.00
01/01/2000,00:04:08,79.00
01/01/2000,00:04:09,79.00
01/01/2000,00:04:10,79.00
01/01/2000,00:04:11,79.00
01/01/2000,00:04:12,79.00
01/01/2000,00:04:13,79.00
01/01/2000,00:04:14,79.00
01/01/2000,00:04:15,79.00
01/01/2000,00:04:16,79.00
01/01/2000,00:04:17,79.00
01/01/2000,00:04:18,79.00
01/01/2000,00:04:19,79.00
01/01/2000,00:04:20,79.00
01/01/2000,00:04:21,79.00
01/01/2000,00:04:22,79.00
01/01/2000,00:04:23,79.00
01/01/2000,00:04:24,79.00
01/01/2000,00:04:25,79.00
01/01/2000,00:04:26,79.00
01/01/2000,00:04:27,79.00
01/01/2000,00:04:28,79.00
01/01/2000,00:04:29,79.00
01/01/2000,00:04:30,79.00
01/01/2000,00:04:31,79.00
01/01/2000,00:04:32,79.00
01/01/2000,00:04:33,79.00
01/01/2000,00:04:34,79.00
01/01/2000,00:04:35,79.00
01/01/2000,00:04:36,79.00
01/01/2000,00:04:37,79.00
01/01/2000,00:04:38,79.00
01/01/2000,00:04:39,79.00
01/01/2000,00:04:40,79.00
01/01/2000,00:04:41,79.00
01/01/2000,00:04:42,79.00
01/01/2000,00:04:43,79.00
01/01/2000,00:04:44,79.00
01/01/2000,00:04:45,79.00
01/01/2000,00:04:46,79.00
01/01/2000,00:04:47,79.00
01/01/2000,00:04:48,79.00
01/01/2000,00:04:49,79.00
01/01/2000,00:04:50,79.00
01/01/2000,00:04:51,79.00
01/01/2000,00:04:52,79.00
01/01/2000,00:04:53,79.00
01/01/2000,00:04:54,79.00
01/01/2000,00:04:55,79.00
01/01/2000,00:04:56,79.00
01/01/2000,00:04:57,79.00
01/01/2000,00:04:58,79.00
01/01/2000,00:04:59,79.00
01/01/2000,00:05:00,79.00
01/01/2000,00:05:01,79.00
01/01/2000,00:05:02,79.00
01/01/2000,00:05:03,79.00
01/01/2000,00:05:04,79.00
01/01/2000,00:05:05,79.00
01/01/2000,00:05:06,79.00
01/01/2000,00:05:07,79.00
01/01/2000,00:05:08,79.00
01/01/2000,00:05:09,79.00
01/01/2000,00:05:10,79.00
01/01/2000,00:05:11,79.00
01/01/2000,00:05:12,79.00
01/01/2000,00:05:13,79.00
01/01/2000,00:05:14,79.00
01/01/2000,00:05:15,79.00
01/01/2000,00:05:16,79.00
01/01/2000,00:05:17,78.00
01/01/2000,00:05:18,78.00
01/01/2000,00:05:19,78.00
01/01/2000,00:05:20,78.00
01/01/2000,00:05:21,78.00
01/01/2000,00:05:22,78.00
01/01/2000,00:05:23,78.00
01/01/2000,00:05:24,78.00
01/01/2000,00:05:25,78.00
01/01/2000,00:05:26,78.00
01/01/2000,00:05:27,78.00
01/01/2000,00:05:28,78.00
01/01/2000,00:05:29,78.00
01/01/2000,00:05:30,78.00
01/01/2000,00:05:31,78.00
01/01/2000,00:05:32,78.00
01/01/2000,00:05:33,78.00
01/01/2000,00:05:34,78.00
01/01/2000,00:05:35,78.00
01/01/2000,00:05:36,78.00
01/01/2000,00:05:37,78.00
01/01/2000,00:05:38,78.00
01/01/2000,00:05:39,78.00
01/01/2000,00:05:40,78.00
01/01/2000,00:05:41,78.00
01/01/2000,00:05:42,79.00
01/01/2000,00:05:43,78.00
01/01/2000,00:05:44,79.00
01/01/2000,00:05:45,79.00
01/01/2000,00:05:46,79.00
01/01/2000,00:05:47,78.00
01/01/2000,00:05:48,79.00
01/01/2000,00:05:49,79.00
01/01/2000,00:05:50,78.00
01/01/2000,00:05:51,78.00
01/01/2000,00:05:52,78.00
01/01/2000,00:05:53,78.00
01/01/2000,00:05:54,79.00
01/01/2000,00:05:55,78.00
01/01/2000,00:05:56,79.00
01/01/2000,00:05:57,79.00
01/01/2000,00:05:58,79.00
01/01/2000,00:05:59,79.00
01/01/2000,00:06:00,79.00
01/01/2000,00:06:01,79.00
01/01/2000,00:06:02,79.00
01/01/2000,00:06:03,78.00
01/01/2000,00:06:04,78.00
01/01/2000,00:06:05,78.00
01/01/2000,00:06:06,78.00
01/01/2000,00:06:07,79.00
01/01/2000,00:06:08,79.00
01/01/2000,00:06:09,79.00
01/01/2000,00:06:10,79.00
01/01/2000,00:06:11,79.00
01/01/2000,00:06:12,79.00
01/01/2000,00:06:13,79.00
01/01/2000,00:06:14,79.00
01/01/2000,00:06:15,79.00
01/01/2000,00:06:16,79.00
01/01/2000,00:06:17,79.00
01/01/2000,00:06:18,79.00
01/01/2000,00:06:19,79.00
01/01/2000,00:06:20,79.00
01/01/2000,00:06:21,79.00
01/01/2000,00:06:22,79.00
01/01/2000,00:06:23,79.00
01/01/2000,00:06:24,79.00
01/01/2000,00:06:25,79.00
01/01/2000,00:06:26,79.00
01/01/2000,00:06:27,79.00
01/01/2000,00:06:28,79.00
01/01/2000,00:06:29,79.00
01/01/2000,00:06:30,79.00
01/01/2000,00:06:31,79.00
01/01/2000,00:06:32,79.00
01/01/2000,00:06:33,79.00
01/01/2000,00:06:34,78.00
01/01/2000,00:06:35,78.00
01/01/2000,00:06:36,78.00
01/01/2000,00:06:37,78.00
01/01/2000,00:06:38,79.00
01/01/2000,00:06:39,78.00
01/01/2000,00:06:40,78.00
01/01/2000,00:06:41,79.00
01/01/2000,00:06:42,79.00
01/01/2000,00:06:43,79.00
01/01/2000,00:06:44,79.00
01/01/2000,00:06:45,79.00
01/01/2000,00:06:46,79.00
01/01/2000,00:06:47,79.00
01/01/2000,00:06:48,79.00
01/01/2000,00:06:49,79.00
01/01/2000,00:06:50,79.00
01/01/2000,00:06:51,78.00
01/01/2000,00:06:52,78.00
01/01/2000,00:06:53,78.00
01/01/2000,00:06:54,79.00
01/01/2000,00:06:55,79.00
01/01/2000,00:06:56,79.00
01/01/2000,00:06:57,79.00
01/01/2000,00:06:58,78.00
01/01/2000,00:06:59,78.00
01/01/2000,00:07:00,79.00
01/01/2000,00:07:01,78.00
01/01/2000,00:07:02,78.00
01/01/2000,00:07:03,78.00
01/01/2000,00:07:04,78.00
01/01/2000,00:07:05,78.00
01/01/2000,00:07:06,79.00
01/01/2000,00:07:07,78.00
01/01/2000,00:07:08,79.00
01/01/2000,00:07:09,79.00
01/01/2000,00:07:10,79.00
01/01/2000,00:07:11,79.00
01/01/2000,00:07:12,79.00
01/01/2000,00:07:13,78.00
01/01/2000,00:07:14,78.00
01/01/2000,00:07:15,78.00
01/01/2000,00:07:16,78.00
01/01/2000,00:07:17,78.00
01/01/2000,00:07:18,78.00
01/01/2000,00:07:19,78.00
01/01/2000,00:07:20,78.00
01/01/2000,00:07:21,78.00
01/01/2000,00:07:22,78.00
01/01/2000,00:07:23,78.00
01/01/2000,00:07:24,78.00
01/01/2000,00:07:25,78.00
01/01/2000,00:07:26,78.00
01/01/2000,00:07:27,78.00
01/01/2000,00:07:28,78.00
01/01/2000,00:07:29,78.00
01/01/2000,00:07:30,78.00
01/01/2000,00:07:31,79.00
01/01/2000,00:07:32,79.00
01/01/2000,00:07:33,79.00
01/01/2000,00:07:34,79.00
01/01/2000,00:07:35,79.00
01/01/2000,00:07:36,79.00
01/01/2000,00:07:37,79.00
01/01/2000,00:07:38,79.00
01/01/2000,00:07:39,79.00
01/01/2000,00:07:40,79.00
01/01/2000,00:07:41,79.00
01/01/2000,00:07:43,79.00
01/01/2000,00:07:44,79.00
01/01/2000,00:07:45,79.00
01/01/2000,00:07:46,79.00
01/01/2000,00:07:47,79.00
01/01/2000,00:07:48,79.00
01/01/2000,00:07:49,79.00
01/01/2000,00:07:50,79.00
01/01/2000,00:07:51,79.00
01/01/2000,00:07:52,79.00
01/01/2000,00:07:53,79.00
01/01/2000,00:07:54,79.00
01/01/2000,00:07:55,79.00
01/01/2000,00:07:56,79.00
01/01/2000,00:07:57,79.00
01/01/2000,00:07:58,79.00
01/01/2000,00:07:59,79.00
01/01/2000,00:08:00,79.00
01/01/2000,00:08:01,79.00
01/01/2000,00:08:02,79.00
01/01/2000,00:08:03,79.00
01/01/2000,00:08:04,79.00
01/01/2000,00:08:05,79.00
01/01/2000,00:08:06,79.00
01/01/2000,00:08:07,79.00
01/01/2000,00:08:08,79.00
01/01/2000,00:08:09,79.00
01/01/2000,00:08:10,79.00
01/01/2000,00:08:11,79.00
01/01/2000,00:08:12,79.00
01/01/2000,00:08:13,79.00
01/01/2000,00:08:14,79.00
01/01/2000,00:08:15,79.00
01/01/2000,00:08:16,79.00
01/01/2000,00:08:17,79.00
01/01/2000,00:08:18,79.00
01/01/2000,00:08:19,79.00
01/01/2000,00:08:20,79.00
01/01/2000,00:08:21,79.00
01/01/2000,00:08:22,79.00
01/01/2000,00:08:23,79.00
01/01/2000,00:08:24,79.00
01/01/2000,00:08:25,79.00
01/01/2000,00:08:26,79.00
01/01/2000,00:08:27,79.00
01/01/2000,00:08:28,79.00
01/01/2000,00:08:29,79.00
01/01/2000,00:08:30,79.00
01/01/2000,00:08:31,79.00
01/01/2000,00:08:32,79.00
01/01/2000,00:08:33,79.00
01/01/2000,00:08:34,79.00
01/01/2000,00:08:35,79.00
01/01/2000,00:08:36,79.00
01/01/2000,00:08:37,80.00
01/01/2000,00:08:38,79.00
01/01/2000,00:08:39,79.00
01/01/2000,00:08:40,79.00
01/01/2000,00:08:41,79.00
01/01/2000,00:08:42,79.00
01/01/2000,00:08:43,79.00
01/01/2000,00:08:44,79.00
01/01/2000,00:08:45,79.00
01/01/2000,00:08:46,79.00
01/01/2000,00:08:47,79.00
01/01/2000,00:08:48,80.00
01/01/2000,00:08:49,80.00
01/01/2000,00:08:50,80.00
01/01/2000,00:08:51,80.00
01/01/2000,00:08:52,80.00
01/01/2000,00:08:53,80.00
01/01/2000,00:08:54,80.00
01/01/2000,00:08:55,80.00
01/01/2000,00:08:56,80.00
01/01/2000,00:08:57,80.00
01/01/2000,00:08:58,80.00
01/01/2000,00:08:59,80.00
01/01/2000,00:09:00,80.00
01/01/2000,00:09:01,80.00
01/01/2000,00:09:02,80.00
01/01/2000,00:09:03,80.00
01/01/2000,00:09:04,80.00
01/01/2000,00:09:05,80.00
01/01/2000,00:09:06,80.00
01/01/2000,00:09:07,80.00
01/01/2000,00:09:08,80.00
01/01/2000,00:09:09,80.00
01/01/2000,00:09:10,80.00
01/01/2000,00:09:11,80.00
01/01/2000,00:09:12,80.00
01/01/2000,00:09:13,80.00
01/01/2000,00:09:14,80.00
01/01/2000,00:09:15,80.00
01/01/2000,00:09:16,80.00
01/01/2000,00:09:17,80.00
01/01/2000,00:09:18,80.00
01/01/2000,00:09:19,80.00
01/01/2000,00:09:20,80.00
01/01/2000,00:09:21,80.00
01/01/2000,00:09:22,80.00
01/01/2000,00:09:23,80.00
01/01/2000,00:09:24,80.00
01/01/2000,00:09:25,80.00
01/01/2000,00:09:26,80.00
01/01/2000,00:09:27,80.00
01/01/2000,00:09:28,81.00
01/01/2000,00:09:29,81.00
01/01/2000,00:09:30,81.00
01/01/2000,00:09:31,81.00
01/01/2000,00:09:32,81.00
01/01/2000,00:09:33,81.00
01/01/2000,00:09:34,81.00
01/01/2000,00:09:35,81.00
01/01/2000,00:09:36,81.00
01/01/2000,00:09:37,81.00
01/01/2000,00:09:38,81.00
01/01/2000,00:09:39,81.00
01/01/2000,00:09:40,81.00
01/01/2000,00:09:41,81.00
01/01/2000,00:09:42,81.00
01/01/2000,00:09:43,81.00
01/01/2000,00:09:44,82.00
01/01/2000,00:09:45,82.00
01/01/2000,00:09:46,82.00
01/01/2000,00:09:47,82.00
01/01/2000,00:09:48,82.00
01/01/2000,00:09:49,82.00
01/01/2000,00:09:50,82.00
01/01/2000,00:09:51,82.00
01/01/2000,00:09:52,82.00
01/01/2000,00:09:53,81.00
01/01/2000,00:09:54,80.00
01/01/2000,00:09:55,80.00
01/01/2000,00:09:56,79.00
01/01/2000,00:09:57,79.00
01/01/2000,00:09:58,79.00
01/01/2000,00:09:59,79.00
01/01/2000,00:10:00,78.00
01/01/2000,00:10:01,78.00
01/01/2000,00:10:02,78.00
01/01/2000,00:10:03,78.00
01/01/2000,00:10:04,78.00
01/01/2000,00:10:05,78.00
01/01/2000,00:10:06,78.00
01/01/2000,00:10:07,78.00
01/01/2000,00:10:08,78.00
01/01/2000,00:10:09,78.00
01/01/2000,00:10:10,78.00
01/01/2000,00:10:11,78.00
01/01/2000,00:10:12,78.00
01/01/2000,00:10:13,78.00
01/01/2000,00:10:14,78.00
01/01/2000,00:10:15,78.00
01/01/2000,00:10:16,77.00
01/01/2000,00:10:17,77.00
01/01/2000,00:10:18,78.00
01/01/2000,00:10:19,78.00
01/01/2000,00:10:20,77.00
01/01/2000,00:10:21,77.00
01/01/2000,00:10:22,77.00
01/01/2000,00:10:23,77.00
01/01/2000,00:10:24,77.00
01/01/2000,00:10:25,77.00
01/01/2000,00:10:26,77.00
01/01/2000,00:10:27,77.00
01/01/2000,00:10:28,77.00
01/01/2000,00:10:29,77.00
01/01/2000,00:10:30,77.00
01/01/2000,00:10:31,77.00
01/01/2000,00:10:32,77.00
01/01/2000,00:10:33,77.00
01/01/2000,00:10:34,77.00
01/01/2000,00:10:35,77.00
01/01/2000,00:10:36,77.00
01/01/2000,00:10:37,77.00
01/01/2000,00:10:38,77.00
01/01/2000,00:10:39,77.00
01/01/2000,00:10:40,77.00
01/01/2000,00:10:41,77.00
01/01/2000,00:10:42,77.00
01/01/2000,00:10:43,77.00
01/01/2000,00:10:44,77.00
01/01/2000,00:10:45,77.00
01/01/2000,00:10:46,77.00
01/01/2000,00:10:47,77.00
01/01/2000,00:10:48,77.00
01/01/2000,00:10:49,77.00
01/01/2000,00:10:50,77.00
01/01/2000,00:10:51,77.00
01/01/2000,00:10:52,77.00
01/01/2000,00:10:53,77.00
01/01/2000,00:10:54,77.00
01/01/2000,00:10:55,77.00
01/01/2000,00:10:56,77.00
01/01/2000,00:10:57,77.00
01/01/2000,00:10:58,77.00
01/01/2000,00:10:59,77.00
01/01/2000,00:11:00,77.00
01/01/2000,00:11:01,77.00
01/01/2000,00:11:02,77.00
01/01/2000,00:11:03,77.00
01/01/2000,00:11:04,77.00
01/01/2000,00:11:05,77.00
01/01/2000,00:11:06,77.00
01/01/2000,00:11:07,77.00
01/01/2000,00:11:08,77.00
01/01/2000,00:11:09,77.00
01/01/2000,00:11:10,77.00
01/01/2000,00:11:11,77.00
01/01/2000,00:11:12,77.00
01/01/2000,00:11:13,77.00
01/01/2000,00:11:14,77.00
01/01/2000,00:11:15,77.00
01/01/2000,00:11:16,77.00
01/01/2000,00:11:17,77.00
01/01/2000,00:11:18,77.00
01/01/2000,00:11:19,77.00
01/01/2000,00:11:20,77.00
01/01/2000,00:11:21,77.00
01/01/2000,00:11:22,77.00
01/01/2000,00:11:23,77.00
01/01/2000,00:11:24,77.00
01/01/2000,00:11:25,77.00
01/01/2000,00:11:26,77.00
01/01/2000,00:11:27,77.00
01/01/2000,00:11:28,77.00
01/01/2000,00:11:29,77.00
01/01/2000,00:11:30,77.00
01/01/2000,00:11:31,77.00
01/01/2000,00:11:32,77.00
01/01/2000,00:11:33,77.00
01/01/2000,00:11:34,77.00
01/01/2000,00:11:35,77.00
01/01/2000,00:11:36,77.00
01/01/2000,00:11:37,77.00
01/01/2000,00:11:38,77.00
01/01/2000,00:11:39,77.00
01/01/2000,00:11:40,77.00
01/01/2000,00:11:41,77.00
01/01/2000,00:11:42,77.00
01/01/2000,00:11:43,77.00
01/01/2000,00:11:44,77.00
01/01/2000,00:11:45,77.00
01/01/2000,00:11:46,77.00
01/01/2000,00:11:47,77.00
01/01/2000,00:11:48,77.00
01/01/2000,00:11:49,77.00
01/01/2000,00:11:50,77.00
01/01/2000,00:11:51,77.00
01/01/2000,00:11:52,77.00
01/01/2000,00:11:53,77.00
01/01/2000,00:11:54,77.00
01/01/2000,00:11:55,77.00
01/01/2000,00:11:56,77.00
01/01/2000,00:11:57,77.00
01/01/2000,00:11:58,77.00
01/01/2000,00:11:59,77.00
01/01/2000,00:12:00,77.00
01/01/2000,00:12:01,77.00
01/01/2000,00:12:02,77.00
01/01/2000,00:12:03,77.00
01/01/2000,00:12:04,77.00
01/01/2000,00:12:05,77.00
01/01/2000,00:12:06,77.00
01/01/2000,00:12:07,77.00
01/01/2000,00:12:08,77.00
01/01/2000,00:12:09,77.00
01/01/2000,00:12:10,77.00
01/01/2000,00:12:11,77.00
01/01/2000,00:12:12,77.00
01/01/2000,00:12:13,77.00
01/01/2000,00:12:14,77.00
01/01/2000,00:12:15,77.00
01/01/2000,00:12:16,77.00
01/01/2000,00:12:17,77.00
01/01/2000,00:12:18,77.00
01/01/2000,00:12:19,77.00
01/01/2000,00:12:20,77.00
01/01/2000,00:12:21,77.00
01/01/2000,00:12:22,77.00
01/01/2000,00:12:23,77.00
01/01/2000,00:12:24,77.00
01/01/2000,00:12:25,77.00
01/01/2000,00:12:26,77.00
01/01/2000,00:12:27,77.00
01/01/2000,00:12:28,77.00
01/01/2000,00:12:29,77.00
01/01/2000,00:12:30,77.00
01/01/2000,00:12:31,77.00
01/01/2000,00:12:32,77.00
01/01/2000,00:12:34,77.00
01/01/2000,00:12:35,77.00
01/01/2000,00:12:36,77.00
01/01/2000,00:12:37,77.00
01/01/2000,00:12:38,77.00
01/01/2000,00:12:39,77.00
01/01/2000,00:12:40,77.00
01/01/2000,00:12:41,77.00
01/01/2000,00:12:42,77.00
01/01/2000,00:12:43,77.00
01/01/2000,00:12:44,77.00
01/01/2000,00:12:45,77.00
01/01/2000,00:12:46,77.00
01/01/2000,00:12:47,77.00
01/01/2000,00:12:48,77.00
01/01/2000,00:12:49,77.00
01/01/2000,00:12:50,77.00
01/01/2000,00:12:51,77.00
01/01/2000,00:12:52,77.00
01/01/2000,00:12:53,77.00
01/01/2000,00:12:54,77.00
01/01/2000,00:12:55,77.00
01/01/2000,00:12:56,77.00
01/01/2000,00:12:57,77.00
01/01/2000,00:12:58,77.00
01/01/2000,00:12:59,77.00
01/01/2000,00:13:00,77.00
01/01/2000,00:13:01,77.00
01/01/2000,00:13:02,77.00
01/01/2000,00:13:03,77.00
01/01/2000,00:13:04,77.00
01/01/2000,00:13:05,77.00
01/01/2000,00:13:06,77.00
01/01/2000,00:13:07,77.00
01/01/2000,00:13:08,77.00
01/01/2000,00:13:09,77.00
01/01/2000,00:13:10,77.00
01/01/2000,00:13:11,77.00
01/01/2000,00:13:12,77.00
01/01/2000,00:13:13,77.00
01/01/2000,00:13:14,77.00
01/01/2000,00:13:15,77.00
01/01/2000,00:13:16,77.00
01/01/2000,00:13:17,77.00
01/01/2000,00:13:18,77.00
01/01/2000,00:13:19,77.00
01/01/2000,00:13:20,77.00
01/01/2000,00:13:21,77.00
01/01/2000,00:13:22,77.00
01/01/2000,00:13:23,77.00
01/01/2000,00:13:24,77.00
01/01/2000,00:13:25,77.00
01/01/2000,00:13:26,77.00
01/01/2000,00:13:27,77.00
01/01/2000,00:13:28,77.00
01/01/2000,00:13:29,77.00
01/01/2000,00:13:30,77.00
01/01/2000,00:13:31,77.00
01/01/2000,00:13:32,77.00
01/01/2000,00:13:33,77.00
01/01/2000,00:13:34,77.00
01/01/2000,00:13:35,77.00
01/01/2000,00:13:36,77.00
01/01/2000,00:13:37,77.00
01/01/2000,00:13:38,77.00
01/01/2000,00:13:39,77.00
01/01/2000,00:13:40,77.00
01/01/2000,00:13:41,77.00
01/01/2000,00:13:42,77.00
01/01/2000,00:13:43,77.00
01/01/2000,00:13:44,77.00
01/01/2000,00:13:45,77.00
01/01/2000,00:13:46,77.00
01/01/2000,00:13:47,77.00
01/01/2000,00:13:48,77.00
01/01/2000,00:13:49,77.00
01/01/2000,00:13:50,77.00
01/01/2000,00:13:51,77.00
01/01/2000,00:13:52,77.00
01/01/2000,00:13:53,77.00
01/01/2000,00:13:54,77.00
01/01/2000,00:13:55,77.00
01/01/2000,00:13:56,77.00
01/01/2000,00:13:57,77.00
01/01/2000,00:13:58,77.00
01/01/2000,00:13:59,77.00
01/01/2000,00:14:00,77.00
01/01/2000,00:14:01,77.00
01/01/2000,00:14:02,77.00
01/01/2000,00:14:03,77.00
01/01/2000,00:14:04,77.00
01/01/2000,00:14:05,77.00
01/01/2000,00:14:06,77.00
01/01/2000,00:14:07,77.00
01/01/2000,00:14:08,77.00
01/01/2000,00:14:09,77.00
01/01/2000,00:14:10,77.00
01/01/2000,00:14:11,77.00
01/01/2000,00:14:12,77.00
01/01/2000,00:14:13,77.00
01/01/2000,00:14:14,77.00
01/01/2000,00:14:15,77.00
01/01/2000,00:14:16,77.00
01/01/2000,00:14:17,77.00
01/01/2000,00:14:18,77.00
01/01/2000,00:14:19,77.00
01/01/2000,00:14:20,77.00
01/01/2000,00:14:21,77.00
01/01/2000,00:14:22,77.00
01/01/2000,00:14:23,77.00
01/01/2000,00:14:24,77.00
01/01/2000,00:14:25,77.00
01/01/2000,00:14:26,77.00
01/01/2000,00:14:27,77.00
01/01/2000,00:14:28,77.00
01/01/2000,00:14:29,77.00
01/01/2000,00:14:30,77.00
01/01/2000,00:14:31,77.00
01/01/2000,00:14:32,77.00
01/01/2000,00:14:33,77.00
01/01/2000,00:14:34,77.00
01/01/2000,00:14:35,77.00
01/01/2000,00:14:36,77.00
01/01/2000,00:14:37,77.00
01/01/2000,00:14:38,77.00
01/01/2000,00:14:39,77.00
01/01/2000,00:14:40,77.00
01/01/2000,00:14:41,77.00
01/01/2000,00:14:42,77.00
01/01/2000,00:14:43,77.00
01/01/2000,00:14:44,77.00
01/01/2000,00:14:45,77.00
01/01/2000,00:14:46,77.00
01/01/2000,00:14:47,77.00
01/01/2000,00:14:48,77.00
01/01/2000,00:14:49,77.00
01/01/2000,00:14:50,77.00
01/01/2000,00:14:51,77.00
01/01/2000,00:14:52,77.00
01/01/2000,00:14:53,77.00
01/01/2000,00:14:54,77.00
01/01/2000,00:14:55,77.00
01/01/2000,00:14:56,77.00
01/01/2000,00:14:57,77.00
01/01/2000,00:14:58,77.00
01/01/2000,00:14:59,77.00
01/01/2000,00:15:00,77.00
01/01/2000,00:15:01,77.00
01/01/2000,00:15:02,77.00
01/01/2000,00:15:03,77.00
01/01/2000,00:15:04,77.00
01/01/2000,00:15:05,77.00
01/01/2000,00:15:06,77.00
01/01/2000,00:15:07,77.00
01/01/2000,00:15:08,77.00
01/01/2000,00:15:09,77.00
01/01/2000,00:15:10,77.00
01/01/2000,00:15:11,77.00
01/01/2000,00:15:12,77.00
01/01/2000,00:15:13,77.00
01/01/2000,00:15:14,77.00
01/01/2000,00:15:15,77.00
01/01/2000,00:15:16,77.00
01/01/2000,00:15:17,77.00
01/01/2000,00:15:18,77.00
01/01/2000,00:15:19,77.00
01/01/2000,00:15:20,77.00
01/01/2000,00:15:21,77.00
01/01/2000,00:15:22,77.00
01/01/2000,00:15:23,77.00
01/01/2000,00:15:24,77.00
01/01/2000,00:15:25,77.00
01/01/2000,00:15:26,77.00
01/01/2000,00:15:27,77.00
01/01/2000,00:15:28,77.00
01/01/2000,00:15:29,77.00
01/01/2000,00:15:30,77.00
01/01/2000,00:15:31,77.00
01/01/2000,00:15:32,77.00
01/01/2000,00:15:33,77.00
01/01/2000,00:15:34,77.00
01/01/2000,00:15:35,77.00
01/01/2000,00:15:36,77.00
01/01/2000,00:15:37,77.00
01/01/2000,00:15:38,77.00
01/01/2000,00:15:39,77.00
01/01/2000,00:15:40,77.00
01/01/2000,00:15:41,77.00
01/01/2000,00:15:42,77.00
01/01/2000,00:15:43,77.00
01/01/2000,00:15:44,76.00
01/01/2000,00:15:45,77.00
01/01/2000,00:15:46,77.00
01/01/2000,00:15:47,77.00
01/01/2000,00:15:48,77.00
01/01/2000,00:15:49,77.00
01/01/2000,00:15:50,77.00
01/01/2000,00:15:51,77.00
01/01/2000,00:15:52,76.00
01/01/2000,00:15:53,76.00
01/01/2000,00:15:54,77.00
01/01/2000,00:15:55,76.00
01/01/2000,00:15:56,76.00
01/01/2000,00:15:57,76.00
01/01/2000,00:15:58,77.00
01/01/2000,00:15:59,77.00
01/01/2000,00:16:00,77.00
01/01/2000,00:16:01,76.00
01/01/2000,00:16:02,76.00
01/01/2000,00:16:03,76.00
01/01/2000,00:16:04,76.00
01/01/2000,00:16:05,76.00
01/01/2000,00:16:06,76.00
01/01/2000,00:16:07,76.00
01/01/2000,00:16:08,76.00
01/01/2000,00:16:09,76.00
01/01/2000,00:16:10,76.00
01/01/2000,00:16:11,76.00
01/01/2000,00:16:12,76.00
01/01/2000,00:16:13,76.00
01/01/2000,00:16:14,76.00
01/01/2000,00:16:15,76.00
01/01/2000,00:16:16,76.00
01/01/2000,00:16:17,76.00
01/01/2000,00:16:18,76.00
01/01/2000,00:16:19,76.00
01/01/2000,00:16:20,76.00
01/01/2000,00:16:21,76.00
01/01/2000,00:16:22,76.00
01/01/2000,00:16:23,76.00
01/01/2000,00:16:24,76.00
01/01/2000,00:16:25,76.00
01/01/2000,00:16:26,76.00
01/01/2000,00:16:27,76.00
01/01/2000,00:16:28,76.00
01/01/2000,00:16:29,76.00
01/01/2000,00:16:30,76.00
01/01/2000,00:16:31,76.00
01/01/2000,00:16:32,76.00
01/01/2000,00:16:33,76.00
01/01/2000,00:16:34,76.00
01/01/2000,00:16:35,76.00
01/01/2000,00:16:36,76.00
01/01/2000,00:16:37,76.00
01/01/2000,00:16:38,76.00
01/01/2000,00:16:39,76.00
01/01/2000,00:16:40,76.00
01/01/2000,00:16:41,76.00
01/01/2000,00:16:42,76.00
01/01/2000,00:16:43,76.00
01/01/2000,00:16:44,77.00
01/01/2000,00:16:45,76.00
01/01/2000,00:16:46,76.00
01/01/2000,00:16:47,76.00
01/01/2000,00:16:48,77.00
01/01/2000,00:16:49,76.00
01/01/2000,00:16:50,76.00
01/01/2000,00:16:51,77.00
01/01/2000,00:16:52,76.00
01/01/2000,00:16:53,77.00
01/01/2000,00:16:54,76.00
01/01/2000,00:16:55,76.00
01/01/2000,00:16:56,76.00
01/01/2000,00:16:57,76.00
01/01/2000,00:16:58,76.00
01/01/2000,00:16:59,76.00
01/01/2000,00:17:00,76.00
01/01/2000,00:17:01,76.00
01/01/2000,00:17:02,76.00
01/01/2000,00:17:03,76.00
01/01/2000,00:17:04,76.00
01/01/2000,00:17:05,76.00
01/01/2000,00:17:06,77.00
01/01/2000,00:17:07,76.00
01/01/2000,00:17:08,77.00
01/01/2000,00:17:09,77.00
01/01/2000,00:17:10,77.00
01/01/2000,00:17:11,76.00
01/01/2000,00:17:12,76.00
01/01/2000,00:17:13,76.00
01/01/2000,00:17:14,76.00
01/01/2000,00:17:15,76.00
01/01/2000,00:17:16,76.00
01/01/2000,00:17:17,76.00
01/01/2000,00:17:18,76.00
01/01/2000,00:17:19,76.00
01/01/2000,00:17:20,76.00
01/01/2000,00:17:21,76.00
01/01/2000,00:17:22,76.00
01/01/2000,00:17:23,76.00
01/01/2000,00:17:25,76.00
01/01/2000,00:17:26,76.00
01/01/2000,00:17:27,76.00
01/01/2000,00:17:28,76.00
01/01/2000,00:17:29,76.00
01/01/2000,00:17:30,76.00
01/01/2000,00:17:31,76.00
01/01/2000,00:17:32,76.00
01/01/2000,00:17:33,76.00
01/01/2000,00:17:34,76.00
01/01/2000,00:17:35,76.00
01/01/2000,00:17:36,76.00
01/01/2000,00:17:37,76.00
01/01/2000,00:17:38,76.00
01/01/2000,00:17:39,76.00
01/01/2000,00:17:40,76.00
01/01/2000,00:17:41,76.00
01/01/2000,00:17:42,76.00
01/01/2000,00:17:43,76.00
01/01/2000,00:17:44,76.00
01/01/2000,00:17:45,76.00
01/01/2000,00:17:46,76.00
01/01/2000,00:17:47,76.00
01/01/2000,00:17:48,76.00
01/01/2000,00:17:49,76.00
01/01/2000,00:17:50,76.00
01/01/2000,00:17:51,76.00
01/01/2000,00:17:52,76.00
01/01/2000,00:17:53,76.00
01/01/2000,00:17:54,76.00
01/01/2000,00:17:55,76.00
01/01/2000,00:17:56,76.00
01/01/2000,00:17:57,76.00
01/01/2000,00:17:58,76.00
01/01/2000,00:17:59,76.00
01/01/2000,00:18:00,76.00
01/01/2000,00:18:01,76.00
01/01/2000,00:18:02,76.00
01/01/2000,00:18:03,76.00
01/01/2000,00:18:04,76.00
01/01/2000,00:18:05,76.00
01/01/2000,00:18:06,76.00
01/01/2000,00:18:07,76.00
01/01/2000,00:18:08,76.00
01/01/2000,00:18:09,76.00
01/01/2000,00:18:10,76.00
01/01/2000,00:18:11,76.00
01/01/2000,00:18:12,76.00
01/01/2000,00:18:13,76.00
01/01/2000,00:18:14,76.00
01/01/2000,00:18:15,76.00
01/01/2000,00:18:16,76.00
01/01/2000,00:18:17,76.00
01/01/2000,00:18:18,76.00
01/01/2000,00:18:19,76.00
01/01/2000,00:18:20,76.00
01/01/2000,00:18:21,76.00
01/01/2000,00:18:22,76.00
01/01/2000,00:18:23,76.00
01/01/2000,00:18:24,76.00
01/01/2000,00:18:25,76.00
01/01/2000,00:18:26,76.00
01/01/2000,00:18:27,76.00
01/01/2000,00:18:28,76.00
01/01/2000,00:18:29,76.00
01/01/2000,00:18:30,76.00
01/01/2000,00:18:31,76.00
01/01/2000,00:18:32,76.00
01/01/2000,00:18:33,76.00
01/01/2000,00:18:34,76.00
01/01/2000,00:18:35,76.00
01/01/2000,00:18:36,76.00
01/01/2000,00:18:37,76.00
01/01/2000,00:18:38,76.00
01/01/2000,00:18:39,76.00
01/01/2000,00:18:40,76.00
01/01/2000,00:18:41,76.00
01/01/2000,00:18:42,76.00
01/01/2000,00:18:43,76.00
01/01/2000,00:18:44,76.00
01/01/2000,00:18:45,76.00
01/01/2000,00:18:46,76.00
01/01/2000,00:18:47,76.00
01/01/2000,00:18:48,76.00
01/01/2000,00:18:49,76.00
01/01/2000,00:18:50,76.00
01/01/2000,00:18:51,76.00
01/01/2000,00:18:52,76.00
01/01/2000,00:18:53,76.00
01/01/2000,00:18:54,76.00
01/01/2000,00:18:55,76.00
01/01/2000,00:18:56,76.00
01/01/2000,00:18:57,76.00
01/01/2000,00:18:58,76.00
01/01/2000,00:18:59,76.00
01/01/2000,00:19:00,76.00
01/01/2000,00:19:01,76.00
01/01/2000,00:19:02,76.00
01/01/2000,00:19:03,76.00
01/01/2000,00:19:04,76.00
01/01/2000,00:19:05,76.00
01/01/2000,00:19:06,76.00
01/01/2000,00:19:07,76.00
01/01/2000,00:19:08,76.00
01/01/2000,00:19:09,76.00
01/01/2000,00:19:10,76.00
01/01/2000,00:19:11,76.00
01/01/2000,00:19:12,76.00
01/01/2000,00:19:13,76.00
01/01/2000,00:19:14,76.00
01/01/2000,00:19:15,76.00
01/01/2000,00:19:16,76.00
01/01/2000,00:19:17,76.00
01/01/2000,00:19:18,76.00
01/01/2000,00:19:19,76.00
01/01/2000,00:19:20,76.00
01/01/2000,00:19:21,76.00
01/01/2000,00:19:22,76.00
01/01/2000,00:19:23,76.00
01/01/2000,00:19:24,76.00
01/01/2000,00:19:25,76.00
01/01/2000,00:19:26,76.00
01/01/2000,00:19:27,76.00
01/01/2000,00:19:28,76.00
01/01/2000,00:19:29,76.00
01/01/2000,00:19:30,76.00
01/01/2000,00:19:31,76.00
01/01/2000,00:19:32,76.00
01/01/2000,00:19:33,76.00
01/01/2000,00:19:34,76.00
01/01/2000,00:19:35,76.00
01/01/2000,00:19:36,76.00
01/01/2000,00:19:37,76.00
01/01/2000,00:19:38,76.00
01/01/2000,00:19:39,76.00
01/01/2000,00:19:40,76.00
01/01/2000,00:19:41,76.00
01/01/2000,00:19:42,76.00
01/01/2000,00:19:43,76.00
01/01/2000,00:19:44,76.00
01/01/2000,00:19:45,76.00
01/01/2000,00:19:46,76.00
01/01/2000,00:19:47,76.00
01/01/2000,00:19:48,76.00
01/01/2000,00:19:49,76.00
01/01/2000,00:19:50,76.00
01/01/2000,00:19:51,76.00
01/01/2000,00:19:52,76.00
01/01/2000,00:19:53,76.00
01/01/2000,00:19:54,76.00
01/01/2000,00:19:55,76.00
01/01/2000,00:19:56,76.00
01/01/2000,00:19:57,76.00
01/01/2000,00:19:58,76.00
01/01/2000,00:19:59,76.00
01/01/2000,00:20:00,76.00
01/01/2000,00:20:01,76.00
01/01/2000,00:20:02,76.00
01/01/2000,00:20:03,76.00
01/01/2000,00:20:04,76.00
01/01/2000,00:20:05,76.00
01/01/2000,00:20:06,76.00
01/01/2000,00:20:07,76.00
01/01/2000,00:20:08,76.00
01/01/2000,00:20:09,76.00
01/01/2000,00:20:10,76.00
01/01/2000,00:20:11,76.00
01/01/2000,00:20:12,76.00
01/01/2000,00:20:13,76.00
01/01/2000,00:20:14,76.00
01/01/2000,00:20:15,76.00
01/01/2000,00:20:16,76.00
01/01/2000,00:20:17,76.00
01/01/2000,00:20:18,76.00
01/01/2000,00:20:19,76.00
01/01/2000,00:20:20,76.00
01/01/2000,00:20:21,76.00
01/01/2000,00:20:22,76.00
01/01/2000,00:20:23,76.00
01/01/2000,00:20:24,76.00
01/01/2000,00:20:25,76.00
01/01/2000,00:20:26,76.00
01/01/2000,00:20:27,76.00
01/01/2000,00:20:28,76.00
01/01/2000,00:20:29,76.00
01/01/2000,00:20:30,76.00
01/01/2000,00:20:31,76.00
01/01/2000,00:20:32,76.00
01/01/2000,00:20:33,76.00
01/01/2000,00:20:34,76.00
01/01/2000,00:20:35,76.00
01/01/2000,00:20:36,76.00
01/01/2000,00:20:37,76.00
01/01/2000,00:20:38,76.00
01/01/2000,00:20:39,76.00
01/01/2000,00:20:40,76.00
01/01/2000,00:20:41,76.00
01/01/2000,00:20:42,76.00
01/01/2000,00:20:43,76.00
01/01/2000,00:20:44,76.00
01/01/2000,00:20:45,76.00
01/01/2000,00:20:46,76.00
01/01/2000,00:20:47,76.00
01/01/2000,00:20:48,76.00
01/01/2000,00:20:49,76.00
01/01/2000,00:20:50,76.00
01/01/2000,00:20:51,76.00
01/01/2000,00:20:52,76.00
01/01/2000,00:20:53,76.00
01/01/2000,00:20:54,76.00
01/01/2000,00:20:55,76.00
01/01/2000,00:20:56,76.00
01/01/2000,00:20:57,76.00
01/01/2000,00:20:58,76.00
01/01/2000,00:20:59,76.00
01/01/2000,00:21:00,76.00
01/01/2000,00:21:01,76.00
01/01/2000,00:21:02,76.00
01/01/2000,00:21:03,76.00
01/01/2000,00:21:04,76.00
01/01/2000,00:21:05,76.00
01/01/2000,00:21:06,76.00
01/01/2000,00:21:07,76.00
01/01/2000,00:21:08,76.00
01/01/2000,00:21:09,76.00
01/01/2000,00:21:10,76.00
01/01/2000,00:21:11,76.00
01/01/2000,00:21:12,76.00
01/01/2000,00:21:13,76.00
01/01/2000,00:21:14,76.00
